id,kb_id,kb_category,kb_title,section_title,supplier_name,material_name,variant_label,unit,price_min,price_max,price_value,currency,raw_price_text,source,priority,extracted_at
153,178,estimator,งานรั้ว+ประตูรั้ว+รีโมท,งานรั้ว+ประตูรั้ว+รีโมท,,(หมายเหตุ,,เมตร),800,1200,,THB,"หากต้องตอกเสาเข็มหกเหลี่ยมยาว 4-6 ม. ปูพรมกันทรุด เพิ่ม 800 - 1,200 บาท/เมตร)",autonomy,9,2026-04-09 10:27:20
146,173,estimator,งานไฟฟ้าทั้งหลัง — สายไฟ+ท่อร้อย+เบรคเกอร์+ดวงโคม+ค่าแรง,งานไฟฟ้าทั้งหลัง — สายไฟ+ท่อร้อย+เบรคเกอร์+ดวงโคม+ค่าแรง,,5 sq.mm (เต้ารับ),,ม้วน,700,850,,THB,700 - 850 บาท/ม้วน,autonomy,8,2026-04-09 10:27:20
145,173,estimator,งานไฟฟ้าทั้งหลัง — สายไฟ+ท่อร้อย+เบรคเกอร์+ดวงโคม+ค่าแรง,งานไฟฟ้าทั้งหลัง — สายไฟ+ท่อร้อย+เบรคเกอร์+ดวงโคม+ค่าแรง,,5 sq.mm (แสงสว่าง),,ม้วน,450,550,,THB,450 - 550 บาท/ม้วน,autonomy,8,2026-04-09 10:27:20
147,173,estimator,งานไฟฟ้าทั้งหลัง — สายไฟ+ท่อร้อย+เบรคเกอร์+ดวงโคม+ค่าแรง,งานไฟฟ้าทั้งหลัง — สายไฟ+ท่อร้อย+เบรคเกอร์+ดวงโคม+ค่าแรง,,6 sq.mm (แอร์/เครื่องทำน้ำอุ่น),,ม้วน,1200,1800,,THB,"1,200 - 1,800 บาท/ม้วน",autonomy,8,2026-04-09 10:27:20
68,6,interior_design,ราคาวัสดุก่อสร้าง 2026 — กระจก อิฐ ฉนวน ท่อ PVC,ราคาวัสดุก่อสร้าง 2026 — กระจก อิฐ ฉนวน ท่อ PVC,,Aluminium Foil ฉนวน,,ตร.ม.,45,90,,THB,45-90 บาท/ตร.ม.,market_research_2026,8,2026-04-09 10:27:20
35,4,interior_design,ราคาวัสดุก่อสร้าง 2026 — สี,ราคาวัสดุก่อสร้าง 2026 — สี,,Beger Pastel (18 ลิตร),,,950,1200,,THB,"950-1,200 บาท",market_research_2026,8,2026-04-09 10:27:20
130,153,researcher,template BOQ ทาวน์เฮ้าส์ 3 ชั้น,template BOQ ทาวน์เฮ้าส์ 3 ชั้น,,DB12,,เมตร,95,110,,THB,95 - 110 บาท/เมตร,autonomy,8,2026-04-09 10:27:20
131,153,researcher,template BOQ ทาวน์เฮ้าส์ 3 ชั้น,template BOQ ทาวน์เฮ้าส์ 3 ชั้น,,DB16,,เมตร,165,185,,THB,165 - 185 บาท/เมตร,autonomy,8,2026-04-09 10:27:20
36,4,interior_design,ราคาวัสดุก่อสร้าง 2026 — สี,ราคาวัสดุก่อสร้าง 2026 — สี,,Dulux Weathershield (18 ลิตร),,,1600,2000,,THB,"1,600-2,000 บาท",market_research_2026,8,2026-04-09 10:27:20
156,183,estimator,งานบิ้วอิน — ตู้เสื้อผ้า+ตู้ครัว+TV wall+ชั้นวาง,งานบิ้วอิน — ตู้เสื้อผ้า+ตู้ครัว+TV wall+ชั้นวาง,,HMR (ไม้ทนชื้น เหมาะกับครัว/ตู้เสื้อผ้า),,แผ่น,600,850,,THB,600 - 850 บาท/แผ่น,autonomy,8,2026-04-09 10:27:20
4,1,interior_design,ราคาวัสดุก่อสร้าง 2026 — ปูนซีเมนต์,ราคาวัสดุก่อสร้าง 2026 — ปูนซีเมนต์,,INSEE (ตราสามเหลี่ยม),,ถุง,190,205,,THB,190-205 บาท/ถุง,market_research_2026,9,2026-04-09 10:27:20
48,5,interior_design,ราคาวัสดุก่อสร้าง 2026 — ไม้และหิน,ราคาวัสดุก่อสร้าง 2026 — ไม้และหิน,,MDF 18 มม.,,แผ่น,480,620,,THB,480-620 บาท/แผ่น,market_research_2026,8,2026-04-09 10:27:20
155,183,estimator,งานบิ้วอิน — ตู้เสื้อผ้า+ตู้ครัว+TV wall+ชั้นวาง,งานบิ้วอิน — ตู้เสื้อผ้า+ตู้ครัว+TV wall+ชั้นวาง,,MDF เปลือย (16-18 mm),,แผ่น,450,650,,THB,450 - 650 บาท/แผ่น,autonomy,8,2026-04-09 10:27:20
34,4,interior_design,ราคาวัสดุก่อสร้าง 2026 — สี,ราคาวัสดุก่อสร้าง 2026 — สี,,Nippon Paint รุ่นมาตรฐาน (18 ลิตร),,,1100,1400,,THB,"1,100-1,400 บาท",market_research_2026,8,2026-04-09 10:27:20
38,4,interior_design,ราคาวัสดุก่อสร้าง 2026 — สี,ราคาวัสดุก่อสร้าง 2026 — สี,,Nippon Weatherbond (18 ลิตร),,,1700,2100,,THB,"1,700-2,100 บาท",market_research_2026,8,2026-04-09 10:27:20
49,5,interior_design,ราคาวัสดุก่อสร้าง 2026 — ไม้และหิน,ราคาวัสดุก่อสร้าง 2026 — ไม้และหิน,,Particle Board 18 มม.,,แผ่น,380,480,,THB,380-480 บาท/แผ่น,market_research_2026,8,2026-04-09 10:27:20
50,5,interior_design,ราคาวัสดุก่อสร้าง 2026 — ไม้และหิน,ราคาวัสดุก่อสร้าง 2026 — ไม้และหิน,,Plywood Marine 18 มม.,,แผ่น,850,1100,,THB,"850-1,100 บาท/แผ่น",market_research_2026,8,2026-04-09 10:27:20
2,1,interior_design,ราคาวัสดุก่อสร้าง 2026 — ปูนซีเมนต์,ราคาวัสดุก่อสร้าง 2026 — ปูนซีเมนต์,,SCG (ตราช้าง),,ถุงใหญ่ 200 บาท,,,195,THB,ปูนเทรดีมิกซ์ถุงเล็ก 195 บาท / ถุงใหญ่ 200 บาท,market_research_2026,9,2026-04-09 10:27:20
33,4,interior_design,ราคาวัสดุก่อสร้าง 2026 — สี,ราคาวัสดุก่อสร้าง 2026 — สี,,TOA Platina (ถัง 18 ลิตร),,,2800,3200,,THB,"2,800-3,200 บาท",market_research_2026,8,2026-04-09 10:27:20
37,4,interior_design,ราคาวัสดุก่อสร้าง 2026 — สี,ราคาวัสดุก่อสร้าง 2026 — สี,,TOA Weather-Guard (18 ลิตร),,,1800,2200,,THB,"1,800-2,200 บาท",market_research_2026,8,2026-04-09 10:27:20
32,4,interior_design,ราคาวัสดุก่อสร้าง 2026 — สี,ราคาวัสดุก่อสร้าง 2026 — สี,,TOA ซุปเปอร์ชิลด์ (ถัง 18 ลิตร),,,1200,1500,,THB,"1,200-1,500 บาท",market_research_2026,8,2026-04-09 10:27:20
3,1,interior_design,ราคาวัสดุก่อสร้าง 2026 — ปูนซีเมนต์,ราคาวัสดุก่อสร้าง 2026 — ปูนซีเมนต์,,TPI (ตราทีพีไอ),,ถุง 50 กก.,185,190,,THB,185-190 บาท/ถุง 50 กก.,market_research_2026,9,2026-04-09 10:27:20
151,174,estimator,งานประตู-หน้าต่าง — อลูมิเนียม/uPVC/ไม้+กระจก+มุ้ง+ค่าแรง,งานประตู-หน้าต่าง — อลูมิเนียม/uPVC/ไม้+กระจก+มุ้ง+ค่าแรง,,uPVC (เกรดมาตรฐาน แบรนด์ชั้นนำ),uPVC (เกรดมาตรฐาน แบรนด์ชั้นนำ),ตร.ม.,2500,3500,,THB,"2,500 - 3,500 บาท/ตร.ม.",autonomy,8,2026-04-09 10:27:20
87,115,construction_material,ราคากระเบื้องปูพื้น 2026 — แยกขนาด/ประเภท/ยี่ห้อ,ราคากระเบื้องปูพื้น 2026 — แยกขนาด/ประเภท/ยี่ห้อ,,x25 ซม. เซรามิก,,ตร.ม.,100,180,,THB,100-180 บาท/ตร.ม.,expert_manual,10,2026-04-09 10:27:20
83,115,construction_material,ราคากระเบื้องปูพื้น 2026 — แยกขนาด/ประเภท/ยี่ห้อ,ราคากระเบื้องปูพื้น 2026 — แยกขนาด/ประเภท/ยี่ห้อ,,x30 ซม. กันลื่น,,ตร.ม.,180,280,,THB,180-280 บาท/ตร.ม.,expert_manual,10,2026-04-09 10:27:20
80,115,construction_material,ราคากระเบื้องปูพื้น 2026 — แยกขนาด/ประเภท/ยี่ห้อ,ราคากระเบื้องปูพื้น 2026 — แยกขนาด/ประเภท/ยี่ห้อ,,x30 ซม. กันลื่นผิวหยาบ,,"ตร.ม. (COTTO, SOSUCO)",120,180,,THB,"120-180 บาท/ตร.ม. (COTTO, SOSUCO)",expert_manual,10,2026-04-09 10:27:20
81,115,construction_material,ราคากระเบื้องปูพื้น 2026 — แยกขนาด/ประเภท/ยี่ห้อ,ราคากระเบื้องปูพื้น 2026 — แยกขนาด/ประเภท/ยี่ห้อ,,x40 ซม. ผิวเรียบ,,ตร.ม.,150,220,,THB,150-220 บาท/ตร.ม.,expert_manual,10,2026-04-09 10:27:20
84,115,construction_material,ราคากระเบื้องปูพื้น 2026 — แยกขนาด/ประเภท/ยี่ห้อ,ราคากระเบื้องปูพื้น 2026 — แยกขนาด/ประเภท/ยี่ห้อ,,x60 ซม. ผิวขัดมัน,,ตร.ม.,300,550,,THB,300-550 บาท/ตร.ม.,expert_manual,10,2026-04-09 10:27:20
82,115,construction_material,ราคากระเบื้องปูพื้น 2026 — แยกขนาด/ประเภท/ยี่ห้อ,ราคากระเบื้องปูพื้น 2026 — แยกขนาด/ประเภท/ยี่ห้อ,,x60 ซม. ผิวมัน,,ตร.ม.,200,350,,THB,200-350 บาท/ตร.ม.,expert_manual,10,2026-04-09 10:27:20
88,115,construction_material,ราคากระเบื้องปูพื้น 2026 — แยกขนาด/ประเภท/ยี่ห้อ,ราคากระเบื้องปูพื้น 2026 — แยกขนาด/ประเภท/ยี่ห้อ,,x60 ซม. พอร์ซเลน,,ตร.ม.,250,450,,THB,250-450 บาท/ตร.ม.,expert_manual,10,2026-04-09 10:27:20
85,115,construction_material,ราคากระเบื้องปูพื้น 2026 — แยกขนาด/ประเภท/ยี่ห้อ,ราคากระเบื้องปูพื้น 2026 — แยกขนาด/ประเภท/ยี่ห้อ,,x60 ซม. ลายหินอ่อน,,ตร.ม.,350,700,,THB,350-700 บาท/ตร.ม.,expert_manual,10,2026-04-09 10:27:20
86,115,construction_material,ราคากระเบื้องปูพื้น 2026 — แยกขนาด/ประเภท/ยี่ห้อ,ราคากระเบื้องปูพื้น 2026 — แยกขนาด/ประเภท/ยี่ห้อ,,x80 ซม. พรีเมียม,,ตร.ม.,500,1200,,THB,"500-1,200 บาท/ตร.ม.",expert_manual,10,2026-04-09 10:27:20
59,6,interior_design,ราคาวัสดุก่อสร้าง 2026 — กระจก อิฐ ฉนวน ท่อ PVC,ราคาวัสดุก่อสร้าง 2026 — กระจก อิฐ ฉนวน ท่อ PVC,,กระจก Low-E (ตร.ม.),,,1800,3500,,THB,"1,800-3,500 บาท",market_research_2026,8,2026-04-09 10:27:20
60,6,interior_design,ราคาวัสดุก่อสร้าง 2026 — กระจก อิฐ ฉนวน ท่อ PVC,ราคาวัสดุก่อสร้าง 2026 — กระจก อิฐ ฉนวน ท่อ PVC,,กระจกลามิเนต (ตร.ม.),,,2200,4000,,THB,"2,200-4,000 บาท",market_research_2026,8,2026-04-09 10:27:20
115,118,construction_material,ราคาสุขภัณฑ์ห้องน้ำ 2026 — แยกเกรด/ยี่ห้อ,ราคาสุขภัณฑ์ห้องน้ำ 2026 — แยกเกรด/ยี่ห้อ,,กระจกเงา,,,500,3000,,THB,"500-3,000 บาท",expert_manual,10,2026-04-09 10:27:20
58,6,interior_design,ราคาวัสดุก่อสร้าง 2026 — กระจก อิฐ ฉนวน ท่อ PVC,ราคาวัสดุก่อสร้าง 2026 — กระจก อิฐ ฉนวน ท่อ PVC,,กระจกเทมเปอร์ 8 มม. (ตร.ม.),,,1200,1800,,THB,"1,200-1,800 บาท",market_research_2026,8,2026-04-09 10:27:20
57,6,interior_design,ราคาวัสดุก่อสร้าง 2026 — กระจก อิฐ ฉนวน ท่อ PVC,ราคาวัสดุก่อสร้าง 2026 — กระจก อิฐ ฉนวน ท่อ PVC,,กระจกใส 10 มม. (ตร.ม.),,,850,1100,,THB,"850-1,100 บาท",market_research_2026,8,2026-04-09 10:27:20
56,6,interior_design,ราคาวัสดุก่อสร้าง 2026 — กระจก อิฐ ฉนวน ท่อ PVC,ราคาวัสดุก่อสร้าง 2026 — กระจก อิฐ ฉนวน ท่อ PVC,,กระจกใส 6 มม. (ตร.ม.),,,450,600,,THB,450-600 บาท,market_research_2026,8,2026-04-09 10:27:20
29,3,interior_design,ราคาวัสดุก่อสร้าง 2026 — กระเบื้อง,ราคาวัสดุก่อสร้าง 2026 — กระเบื้อง,,กระเบื้องคอนกรีต SCG,,แผ่น,18,25,,THB,18-25 บาท/แผ่น,market_research_2026,9,2026-04-09 10:27:20
27,3,interior_design,ราคาวัสดุก่อสร้าง 2026 — กระเบื้อง,ราคาวัสดุก่อสร้าง 2026 — กระเบื้อง,,กระเบื้องซับเวย์ (subway tile) 7.5x15,,ตร.ม.,180,380,,THB,180-380 บาท/ตร.ม.,market_research_2026,9,2026-04-09 10:27:20
26,3,interior_design,ราคาวัสดุก่อสร้าง 2026 — กระเบื้อง,ราคาวัสดุก่อสร้าง 2026 — กระเบื้อง,,กระเบื้องผนังเซรามิก 30x60,,ตร.ม.,120,250,,THB,120-250 บาท/ตร.ม.,market_research_2026,9,2026-04-09 10:27:20
23,3,interior_design,ราคาวัสดุก่อสร้าง 2026 — กระเบื้อง,ราคาวัสดุก่อสร้าง 2026 — กระเบื้อง,,กระเบื้องพอร์ซเลน 60x120,,ตร.ม.,450,900,,THB,450-900 บาท/ตร.ม.,market_research_2026,9,2026-04-09 10:27:20
22,3,interior_design,ราคาวัสดุก่อสร้าง 2026 — กระเบื้อง,ราคาวัสดุก่อสร้าง 2026 — กระเบื้อง,,กระเบื้องพอร์ซเลน 60x60,,ตร.ม.,250,600,,THB,250-600 บาท/ตร.ม.,market_research_2026,9,2026-04-09 10:27:20
205,254,researcher,หา Database แบรนด์วัสดุ — SCG COTTO TOA Jotun,หา Database แบรนด์วัสดุ — SCG COTTO TOA Jotun,,กระเบื้องพอร์ซเลน 60x60 ซม.,,ตร.ม.,420,550,,THB,420 - 550 บาท/ตร.ม.,autonomy,8,2026-04-09 10:27:20
24,3,interior_design,ราคาวัสดุก่อสร้าง 2026 — กระเบื้อง,ราคาวัสดุก่อสร้าง 2026 — กระเบื้อง,,กระเบื้องหินขัด (terrazzo),,ตร.ม.,350,700,,THB,350-700 บาท/ตร.ม.,market_research_2026,9,2026-04-09 10:27:20
28,3,interior_design,ราคาวัสดุก่อสร้าง 2026 — กระเบื้อง,ราคาวัสดุก่อสร้าง 2026 — กระเบื้อง,,กระเบื้องหินอ่อน (marble look),,ตร.ม.,400,1200,,THB,"400-1,200 บาท/ตร.ม.",market_research_2026,9,2026-04-09 10:27:20
30,3,interior_design,ราคาวัสดุก่อสร้าง 2026 — กระเบื้อง,ราคาวัสดุก่อสร้าง 2026 — กระเบื้อง,,กระเบื้องเคลือบ,,แผ่น,22,35,,THB,22-35 บาท/แผ่น,market_research_2026,9,2026-04-09 10:27:20
20,3,interior_design,ราคาวัสดุก่อสร้าง 2026 — กระเบื้อง,ราคาวัสดุก่อสร้าง 2026 — กระเบื้อง,,กระเบื้องเซรามิก 30x30,,ตร.ม.,85,150,,THB,85-150 บาท/ตร.ม.,market_research_2026,9,2026-04-09 10:27:20
21,3,interior_design,ราคาวัสดุก่อสร้าง 2026 — กระเบื้อง,ราคาวัสดุก่อสร้าง 2026 — กระเบื้อง,,กระเบื้องเซรามิก 60x60,,ตร.ม.,180,350,,THB,180-350 บาท/ตร.ม.,market_research_2026,9,2026-04-09 10:27:20
185,212,planner,การทำ Proposal/Presentation เสนองาน,การทำ Proposal/Presentation เสนองาน,,กระเบื้องแกรนิตโต้ 60x60 (บุญถาวร),,ตร.ม.,180,350,,THB,180 - 350 บาท/ตร.ม.,autonomy,9,2026-04-09 10:27:20
25,3,interior_design,ราคาวัสดุก่อสร้าง 2026 — กระเบื้อง,ราคาวัสดุก่อสร้าง 2026 — กระเบื้อง,,กระเบื้องไวนิล SPC,,ตร.ม.,280,550,,THB,280-550 บาท/ตร.ม.,market_research_2026,9,2026-04-09 10:27:20
108,118,construction_material,ราคาสุขภัณฑ์ห้องน้ำ 2026 — แยกเกรด/ยี่ห้อ,ราคาสุขภัณฑ์ห้องน้ำ 2026 — แยกเกรด/ยี่ห้อ,,"กลาง (COTTO C2, Mogen)",,,4500,8000,,THB,"4,500-8,000 บาท",expert_manual,10,2026-04-09 10:27:20
114,118,construction_material,ราคาสุขภัณฑ์ห้องน้ำ 2026 — แยกเกรด/ยี่ห้อ,ราคาสุขภัณฑ์ห้องน้ำ 2026 — แยกเกรด/ยี่ห้อ,,ก๊อกผสม (Mixer),,,1200,5000,,THB,"1,200-5,000 บาท",expert_manual,10,2026-04-09 10:27:20
112,118,construction_material,ราคาสุขภัณฑ์ห้องน้ำ 2026 — แยกเกรด/ยี่ห้อ,ราคาสุขภัณฑ์ห้องน้ำ 2026 — แยกเกรด/ยี่ห้อ,,ก๊อกอ่างล้างหน้า,,,500,3000,,THB,"500-3,000 บาท",expert_manual,10,2026-04-09 10:27:20
178,208,writer,สัญญาว่าจ้าง — เงื่อนไข+งวดงาน+penalty,สัญญาว่าจ้าง — เงื่อนไข+งวดงาน+penalty,,ข้อมูลอ้างอิงต้นทุน (2026),,"เหมา, เคลียร์พื้นที่ 90 บาท/ตร.ม.",,,40000,THB,"* ค่ารื้อถอนสิ่งปลูกสร้างเดิมประมาณ 40,000 บาท/เหมา, เคลียร์พื้นที่ 90 บาท/ตร.ม.",autonomy,9,2026-04-09 10:27:20
179,208,writer,สัญญาว่าจ้าง — เงื่อนไข+งวดงาน+penalty,สัญญาว่าจ้าง — เงื่อนไข+งวดงาน+penalty,,ข้อมูลอ้างอิงต้นทุน (2026),,ตู้,,,7800,THB,"* ตู้ Consumer Unit (12-18 ช่อง) 7,800 บาท/ตู้",autonomy,9,2026-04-09 10:27:20
180,208,writer,สัญญาว่าจ้าง — เงื่อนไข+งวดงาน+penalty,สัญญาว่าจ้าง — เงื่อนไข+งวดงาน+penalty,,ข้อมูลอ้างอิงต้นทุน (2026),,"ตร.ม., โถสุขภัณฑ์ชิ้นเดียว 6,050 บาท/ชุด (อ้างอิง: HomePro/บุญถาวร)",,,680,THB,"* กระเบื้องพอร์ซเลน 60x60 รวมปู 680 บาท/ตร.ม., โถสุขภัณฑ์ชิ้นเดียว 6,050 บาท/ชุด (อ้างอิง: HomePro/บุญถาวร)",autonomy,9,2026-04-09 10:27:20
104,117,construction_material,สูตรคำนวณวัสดุโครงสร้าง — ปูนซีเมนต์ เหล็ก คอนกรีต ต่อ ตร.ม.,สูตรคำนวณวัสดุโครงสร้าง — ปูนซีเมนต์ เหล็ก คอนกรีต ต่อ ตร.ม.,,คอนกรีต,,,,,92400,THB,"42 ลบ.ม. × 2,200 = 92,400 บาท",expert_manual,10,2026-04-09 10:27:20
134,156,researcher,ขั้นตอนสร้างบ้านทั้งหมด — timeline + checklist,"[ ] หล่อเสา, เทพื้นชั้น 1-2, หล่อคาน และบันได",,คอนกรีตผสมเสร็จ (CPAC),,คิว (ขึ้นอยู่กับกำลังอัด),2200,2600,,THB,"2,200 - 2,600 บาท/คิว (ขึ้นอยู่กับกำลังอัด)",autonomy,9,2026-04-09 10:27:20
193,234,researcher,หาราคาเพิ่ม — กระเบื้อง+สุขภัณฑ์ 2026,หาราคาเพิ่ม — กระเบื้อง+สุขภัณฑ์ 2026,,ค่าวัสดุ,,ตร.ม.,85,350,,THB,85 - 350 บาท/ตร.ม.,autonomy,8,2026-04-09 10:27:20
194,234,researcher,หาราคาเพิ่ม — กระเบื้อง+สุขภัณฑ์ 2026,หาราคาเพิ่ม — กระเบื้อง+สุขภัณฑ์ 2026,,ค่าวัสดุ,,ตร.ม. (รุ่นยอดนิยมเฉลี่ย 420 บาท/ตร.ม.),250,600,,THB,250 - 600 บาท/ตร.ม. (รุ่นยอดนิยมเฉลี่ย 420 บาท/ตร.ม.),autonomy,8,2026-04-09 10:27:20
195,234,researcher,หาราคาเพิ่ม — กระเบื้อง+สุขภัณฑ์ 2026,หาราคาเพิ่ม — กระเบื้อง+สุขภัณฑ์ 2026,,ค่าวัสดุ,,ตร.ม. (รุ่นยอดนิยมเฉลี่ย 690 บาท/ตร.ม.),450,900,,THB,450 - 900 บาท/ตร.ม. (รุ่นยอดนิยมเฉลี่ย 690 บาท/ตร.ม.),autonomy,8,2026-04-09 10:27:20
133,156,researcher,ขั้นตอนสร้างบ้านทั้งหมด — timeline + checklist,[ ] ขอประปา-ไฟฟ้าชั่วคราวสำหรับก่อสร้าง,,ค่าออกแบบ (สถาปนิก/วิศวกร),,ตร.ม.,500,1500,,THB,"5-10% ของงบก่อสร้าง หรือ 500-1,500 บาท/ตร.ม.",autonomy,9,2026-04-09 10:27:20
132,156,researcher,ขั้นตอนสร้างบ้านทั้งหมด — timeline + checklist,[ ] ขอประปา-ไฟฟ้าชั่วคราวสำหรับก่อสร้าง,,ค่าเจาะสำรวจดิน,,หลุม,15000,20000,,THB,"15,000 - 20,000 บาท/หลุม",autonomy,9,2026-04-09 10:27:20
78,10,interior_design,"สไตล์การออกแบบภายใน — Tropical, Classic, Contemporary","สไตล์การออกแบบภายใน — Tropical, Classic, Contemporary",,งบประมาณ,,ตร.ม.,8000,20000,,THB,"8,000-20,000 บาท/ตร.ม.",design_guide_2026,7,2026-04-09 10:27:20
79,10,interior_design,"สไตล์การออกแบบภายใน — Tropical, Classic, Contemporary","สไตล์การออกแบบภายใน — Tropical, Classic, Contemporary",,งบประมาณ,,ตร.ม.,9000,20000,,THB,"9,000-20,000 บาท/ตร.ม.",design_guide_2026,7,2026-04-09 10:27:20
163,184,estimator,งานถังเก็บน้ำ+ปั๊มน้ำ+ระบบกรอง,งานถังเก็บน้ำ+ปั๊มน้ำ+ระบบกรอง,,งานถังเก็บน้ำ+ปั๊มน้ำ+ระบบกรอง,ขนาด 500 ลิตร,ใบ,3200,4500,,THB,"3,200 - 4,500 บาท/ใบ",autonomy,8,2026-04-09 10:27:20
164,184,estimator,งานถังเก็บน้ำ+ปั๊มน้ำ+ระบบกรอง,งานถังเก็บน้ำ+ปั๊มน้ำ+ระบบกรอง,,งานถังเก็บน้ำ+ปั๊มน้ำ+ระบบกรอง,"ขนาด 1,000 ลิตร",ใบ (แนะนำสำหรับ 2 ห้องน้ำ)*,4800,6900,,THB,"4,800 - 6,900 บาท/ใบ (แนะนำสำหรับ 2 ห้องน้ำ)*",autonomy,8,2026-04-09 10:27:20
165,184,estimator,งานถังเก็บน้ำ+ปั๊มน้ำ+ระบบกรอง,งานถังเก็บน้ำ+ปั๊มน้ำ+ระบบกรอง,,งานถังเก็บน้ำ+ปั๊มน้ำ+ระบบกรอง,"ขนาด 2,000 ลิตร",ใบ,8000,11500,,THB,"8,000 - 11,500 บาท/ใบ",autonomy,8,2026-04-09 10:27:20
166,184,estimator,งานถังเก็บน้ำ+ปั๊มน้ำ+ระบบกรอง,งานถังเก็บน้ำ+ปั๊มน้ำ+ระบบกรอง,,งานถังเก็บน้ำ+ปั๊มน้ำ+ระบบกรอง,"ขนาด 1,000 ลิตร",ใบ (ราคาสูงกว่า PE แต่อายุการใช้งานยาวนาน),10500,13500,,THB,"10,500 - 13,500 บาท/ใบ (ราคาสูงกว่า PE แต่อายุการใช้งานยาวนาน)",autonomy,8,2026-04-09 10:27:20
186,212,planner,การทำ Proposal/Presentation เสนองาน,การทำ Proposal/Presentation เสนองาน,,งานสี,,ถัง 2.5 แกลลอน),1800,2200,,THB,"* อัปเกรดจากสีเกรดมาตรฐาน เป็น TOA SuperShield หรือ Jotun Majestic (ประมาณ 1,800 - 2,200 บาท/ถัง 2.5 แกลลอน)",autonomy,9,2026-04-09 10:27:20
66,6,interior_design,ราคาวัสดุก่อสร้าง 2026 — กระจก อิฐ ฉนวน ท่อ PVC,ราคาวัสดุก่อสร้าง 2026 — กระจก อิฐ ฉนวน ท่อ PVC,,ฉนวน Rockwool 50 มม.,,ตร.ม.,180,250,,THB,180-250 บาท/ตร.ม.,market_research_2026,8,2026-04-09 10:27:20
69,6,interior_design,ราคาวัสดุก่อสร้าง 2026 — กระจก อิฐ ฉนวน ท่อ PVC,ราคาวัสดุก่อสร้าง 2026 — กระจก อิฐ ฉนวน ท่อ PVC,,ฉนวน SPF (Spray Polyurethane Foam),,ตร.ม.,350,550,,THB,350-550 บาท/ตร.ม.,market_research_2026,8,2026-04-09 10:27:20
67,6,interior_design,ราคาวัสดุก่อสร้าง 2026 — กระจก อิฐ ฉนวน ท่อ PVC,ราคาวัสดุก่อสร้าง 2026 — กระจก อิฐ ฉนวน ท่อ PVC,,ฉนวนโฟม EPS (ตร.ม.),,,80,150,,THB,80-150 บาท,market_research_2026,8,2026-04-09 10:27:20
65,6,interior_design,ราคาวัสดุก่อสร้าง 2026 — กระจก อิฐ ฉนวน ท่อ PVC,ราคาวัสดุก่อสร้าง 2026 — กระจก อิฐ ฉนวน ท่อ PVC,,ฉนวนใยแก้ว (Fiberglass) 50 มม.,,ตร.ม.,120,180,,THB,120-180 บาท/ตร.ม.,market_research_2026,8,2026-04-09 10:27:20
113,118,construction_material,ราคาสุขภัณฑ์ห้องน้ำ 2026 — แยกเกรด/ยี่ห้อ,ราคาสุขภัณฑ์ห้องน้ำ 2026 — แยกเกรด/ยี่ห้อ,,ชุดฝักบัว (Rain shower),,,1500,8000,,THB,"1,500-8,000 บาท",expert_manual,10,2026-04-09 10:27:20
103,117,construction_material,สูตรคำนวณวัสดุโครงสร้าง — ปูนซีเมนต์ เหล็ก คอนกรีต ต่อ ตร.ม.,สูตรคำนวณวัสดุโครงสร้าง — ปูนซีเมนต์ เหล็ก คอนกรีต ต่อ ตร.ม.,,ฐานราก (เสาเข็มสั้น 25 ต้น),,,,,37500,THB,"25 × 1,500 = 37,500 บาท",expert_manual,10,2026-04-09 10:27:20
100,117,construction_material,สูตรคำนวณวัสดุโครงสร้าง — ปูนซีเมนต์ เหล็ก คอนกรีต ต่อ ตร.ม.,สูตรคำนวณวัสดุโครงสร้าง — ปูนซีเมนต์ เหล็ก คอนกรีต ต่อ ตร.ม.,,ฐานรากแผ่ (Spread Footing),,จุด,800,1500,,THB,"เหมาะกับดินดี → 800-1,500 บาท/จุด",expert_manual,10,2026-04-09 10:27:20
118,118,construction_material,ราคาสุขภัณฑ์ห้องน้ำ 2026 — แยกเกรด/ยี่ห้อ,ราคาสุขภัณฑ์ห้องน้ำ 2026 — แยกเกรด/ยี่ห้อ,,ตะแกรงกันกลิ่น,,,150,400,,THB,150-400 บาท,expert_manual,10,2026-04-09 10:27:20
90,116,construction_material,สูตรคำนวณปริมาณวัสดุงานกระเบื้อง — ปูนกาว ยาแนว waste,ปูนกาวกระเบื้อง 20 กก./ถุง ปู 4-5 ตร.ม./ถุง (พื้น) หรือ 3-4 ตร.ม./ถุง (ผนัง),,ตัวอย่าง,,,,,440,THB,พื้น 9 ตร.ม. → 9÷4.5 = 2 ถุง × 220 = 440 บาท,expert_manual,10,2026-04-09 10:27:20
92,116,construction_material,สูตรคำนวณปริมาณวัสดุงานกระเบื้อง — ปูนกาว ยาแนว waste,ยาแนวซีเมนต์ 5 กก./ถุง ยาแนว 3-5 ตร.ม./ถุง (แล้วแต่ขนาดร่อง),,ตัวอย่าง,,,,,360,THB,พื้น 9 ตร.ม. (30x30) → 9÷4 = 2.25 → 3 ถุง × 120 = 360 บาท,expert_manual,10,2026-04-09 10:27:20
93,116,construction_material,สูตรคำนวณปริมาณวัสดุงานกระเบื้อง — ปูนกาว ยาแนว waste,ทา 2 ชั้น ใช้ 0.5-0.7 กก./ตร.ม./ชั้น,,ตัวอย่าง,,,,,1350,THB,"ห้องน้ำ 9 ตร.ม. → 9÷4 = 2.25 → 3 ถัง × 450 = 1,350 บาท",expert_manual,10,2026-04-09 10:27:20
95,117,construction_material,สูตรคำนวณวัสดุโครงสร้าง — ปูนซีเมนต์ เหล็ก คอนกรีต ต่อ ตร.ม.,สูตรคำนวณวัสดุโครงสร้าง — ปูนซีเมนต์ เหล็ก คอนกรีต ต่อ ตร.ม.,,ตัวอย่าง,,,,,92400,THB,"บ้าน 120 ตร.ม. → 120 × 0.35 = 42 ลบ.ม. × 2,200 = 92,400 บาท",expert_manual,10,2026-04-09 10:27:20
99,117,construction_material,สูตรคำนวณวัสดุโครงสร้าง — ปูนซีเมนต์ เหล็ก คอนกรีต ต่อ ตร.ม.,สูตรคำนวณวัสดุโครงสร้าง — ปูนซีเมนต์ เหล็ก คอนกรีต ต่อ ตร.ม.,,ตัวอย่าง,,,,,120000,THB,"120 ตร.ม. × 40 กก. = 4,800 กก. (4.8 ตัน) × 25,000 = 120,000 บาท",expert_manual,10,2026-04-09 10:27:20
181,211,analyst,Cash Flow Management ผู้รับเหมา,"สัญญาว่าจ้างต้องเป็น ""เครื่องมือปิดการขายที่โปร่งใส"" ลูกค้าต้องเห็นว่าเงินที่จ่ายสอดคล้องกับเนื้องานจริง",,ตัวอย่างต้นทุน 2026,,"ตร.ม., ถมดินบดอัด ~560 บาท/คิว, รื้อถอน ~40,000 บาท/เหมา",,,90,THB,"* เคลียร์พื้นที่ ~90 บาท/ตร.ม., ถมดินบดอัด ~560 บาท/คิว, รื้อถอน ~40,000 บาท/เหมา",autonomy,9,2026-04-09 10:27:20
220,265,researcher,หาราคาวัสดุกันซึม-กันน้ำ,หาราคาวัสดุกันซึม-กันน้ำ,,ต้นทุนเฉลี่ย,,ตร.ม.*,75,110,,THB,75 - 110 บาท/ตร.ม.*,autonomy,8,2026-04-09 10:27:20
222,265,researcher,หาราคาวัสดุกันซึม-กันน้ำ,หาราคาวัสดุกันซึม-กันน้ำ,,ต้นทุนเฉลี่ย,,ตร.ม.*,125,175,,THB,125 - 175 บาท/ตร.ม.*,autonomy,8,2026-04-09 10:27:20
208,257,researcher,หาราคาปูนซีเมนต์ทุกยี่ห้อ 2026,หาราคาปูนซีเมนต์ทุกยี่ห้อ 2026,,ถุงเล็ก,,ถุง,,,195,THB,195 บาท/ถุง,autonomy,9,2026-04-09 10:27:20
209,257,researcher,หาราคาปูนซีเมนต์ทุกยี่ห้อ 2026,หาราคาปูนซีเมนต์ทุกยี่ห้อ 2026,,ถุงใหญ่,,ถุง,,,200,THB,200 บาท/ถุง,autonomy,9,2026-04-09 10:27:20
127,119,construction_material,ราคาค่าแรงช่างก่อสร้าง 2026 — ทุกประเภท,ราคาค่าแรงช่างก่อสร้าง 2026 — ทุกประเภท,,ทาภายนอก,,ตร.ม.,100,180,,THB,100-180 บาท/ตร.ม.,expert_manual,10,2026-04-09 10:27:20
126,119,construction_material,ราคาค่าแรงช่างก่อสร้าง 2026 — ทุกประเภท,ราคาค่าแรงช่างก่อสร้าง 2026 — ทุกประเภท,,ทาภายใน,,ตร.ม.,80,150,,THB,80-150 บาท/ตร.ม.,expert_manual,10,2026-04-09 10:27:20
117,118,construction_material,ราคาสุขภัณฑ์ห้องน้ำ 2026 — แยกเกรด/ยี่ห้อ,ราคาสุขภัณฑ์ห้องน้ำ 2026 — แยกเกรด/ยี่ห้อ,,ที่ใส่กระดาษทิชชู,,,150,500,,THB,150-500 บาท,expert_manual,10,2026-04-09 10:27:20
129,119,construction_material,ราคาค่าแรงช่างก่อสร้าง 2026 — ทุกประเภท,ราคาค่าแรงช่างก่อสร้าง 2026 — ทุกประเภท,,ทุบผนัง,,ตร.ม.,200,400,,THB,200-400 บาท/ตร.ม.,expert_manual,10,2026-04-09 10:27:20
71,6,interior_design,ราคาวัสดุก่อสร้าง 2026 — กระจก อิฐ ฉนวน ท่อ PVC,ราคาวัสดุก่อสร้าง 2026 — กระจก อิฐ ฉนวน ท่อ PVC,,ท่อ PVC 1 นิ้ว (เมตร),,,35,50,,THB,35-50 บาท,market_research_2026,8,2026-04-09 10:27:20
70,6,interior_design,ราคาวัสดุก่อสร้าง 2026 — กระจก อิฐ ฉนวน ท่อ PVC,ราคาวัสดุก่อสร้าง 2026 — กระจก อิฐ ฉนวน ท่อ PVC,,ท่อ PVC 1/2 นิ้ว (เมตร),,,18,25,,THB,18-25 บาท,market_research_2026,8,2026-04-09 10:27:20
72,6,interior_design,ราคาวัสดุก่อสร้าง 2026 — กระจก อิฐ ฉนวน ท่อ PVC,ราคาวัสดุก่อสร้าง 2026 — กระจก อิฐ ฉนวน ท่อ PVC,,ท่อ PVC 2 นิ้ว (เมตร),,,75,100,,THB,75-100 บาท,market_research_2026,8,2026-04-09 10:27:20
73,6,interior_design,ราคาวัสดุก่อสร้าง 2026 — กระจก อิฐ ฉนวน ท่อ PVC,ราคาวัสดุก่อสร้าง 2026 — กระจก อิฐ ฉนวน ท่อ PVC,,ท่อ PVC 4 นิ้ว (เมตร),,,180,250,,THB,180-250 บาท,market_research_2026,8,2026-04-09 10:27:20
160,183,estimator,งานบิ้วอิน — ตู้เสื้อผ้า+ตู้ครัว+TV wall+ชั้นวาง,งานบิ้วอิน — ตู้เสื้อผ้า+ตู้ครัว+TV wall+ชั้นวาง,,บานพับ Soft-close,,ตัว (1 บานใช้ 3-4 ตัว),60,120,,THB,60 - 120 บาท/ตัว (1 บานใช้ 3-4 ตัว),autonomy,8,2026-04-09 10:27:20
148,174,estimator,งานประตู-หน้าต่าง — อลูมิเนียม/uPVC/ไม้+กระจก+มุ้ง+ค่าแรง,งานประตู-หน้าต่าง — อลูมิเนียม/uPVC/ไม้+กระจก+มุ้ง+ค่าแรง,,ประตู HDF (ใช้ภายในห้องนอน),,บาน,1200,1800,,THB,"1,200 - 1,800 บาท/บาน",autonomy,8,2026-04-09 10:27:20
149,174,estimator,งานประตู-หน้าต่าง — อลูมิเนียม/uPVC/ไม้+กระจก+มุ้ง+ค่าแรง,งานประตู-หน้าต่าง — อลูมิเนียม/uPVC/ไม้+กระจก+มุ้ง+ค่าแรง,,ประตู WPC / uPVC (กันน้ำ ใช้ในห้องน้ำ),,บาน,1800,2800,,THB,"1,800 - 2,800 บาท/บาน",autonomy,8,2026-04-09 10:27:20
119,118,construction_material,ราคาสุขภัณฑ์ห้องน้ำ 2026 — แยกเกรด/ยี่ห้อ,ราคาสุขภัณฑ์ห้องน้ำ 2026 — แยกเกรด/ยี่ห้อ,,ประหยัด,,,6000,12000,,THB,"6,000-12,000 บาท",expert_manual,10,2026-04-09 10:27:20
107,118,construction_material,ราคาสุขภัณฑ์ห้องน้ำ 2026 — แยกเกรด/ยี่ห้อ,ราคาสุขภัณฑ์ห้องน้ำ 2026 — แยกเกรด/ยี่ห้อ,,"ประหยัด (COTTO C1, American Standard)","ประหยัด (COTTO C1, American Standard)",,2500,4500,,THB,"2,500-4,500 บาท",expert_manual,10,2026-04-09 10:27:20
158,183,estimator,งานบิ้วอิน — ตู้เสื้อผ้า+ตู้ครัว+TV wall+ชั้นวาง,งานบิ้วอิน — ตู้เสื้อผ้า+ตู้ครัว+TV wall+ชั้นวาง,,ปิดผิวลามิเนต (HPL),,ตร.ม.,800,1500,,THB,"800 - 1,500 บาท/ตร.ม.",autonomy,8,2026-04-09 10:27:20
8,1,interior_design,ราคาวัสดุก่อสร้าง 2026 — ปูนซีเมนต์,ราคาวัสดุก่อสร้าง 2026 — ปูนซีเมนต์,,ปูนกาวกระเบื้อง,,ถุง 20 กก.,200,250,,THB,200-250 บาท/ถุง 20 กก.,market_research_2026,9,2026-04-09 10:27:20
6,1,interior_design,ราคาวัสดุก่อสร้าง 2026 — ปูนซีเมนต์,ราคาวัสดุก่อสร้าง 2026 — ปูนซีเมนต์,,ปูนก่ออิฐ,,ถุง,180,195,,THB,180-195 บาท/ถุง,market_research_2026,9,2026-04-09 10:27:20
224,269,researcher,"ซัพพลายเออร์ปูนซีเมนต์ — SCG, TPI, INSEE",ผู้ผลิตปูนซีเมนต์และคอนกรีตผสมเสร็จรายใหญ่ที่สุด,SCG (ปูนตราช้าง / ตราเสือ),ปูนงานก่อฉาบ,,ถุง,149,195,,THB,149-195 บาท / ถุง,autonomy,9,2026-04-09 10:27:20
7,1,interior_design,ราคาวัสดุก่อสร้าง 2026 — ปูนซีเมนต์,ราคาวัสดุก่อสร้าง 2026 — ปูนซีเมนต์,,ปูนฉาบ,,ถุง,170,185,,THB,170-185 บาท/ถุง,market_research_2026,9,2026-04-09 10:27:20
202,254,researcher,หา Database แบรนด์วัสดุ — SCG COTTO TOA Jotun,หา Database แบรนด์วัสดุ — SCG COTTO TOA Jotun,,ปูนซีเมนต์ปอร์ตแลนด์ (ตราช้าง) 50 กก.,,ถุง,195,200,,THB,195 - 200 บาท/ถุง,autonomy,8,2026-04-09 10:27:20
1,1,interior_design,ราคาวัสดุก่อสร้าง 2026 — ปูนซีเมนต์,ราคาวัสดุก่อสร้าง 2026 — ปูนซีเมนต์,,ปูนถุง 50 กก. ราคาปลีก,,ถุง (แล้วแต่แบรนด์),185,210,,THB,185-210 บาท/ถุง (แล้วแต่แบรนด์),market_research_2026,9,2026-04-09 10:27:20
223,269,researcher,"ซัพพลายเออร์ปูนซีเมนต์ — SCG, TPI, INSEE",ผู้ผลิตปูนซีเมนต์และคอนกรีตผสมเสร็จรายใหญ่ที่สุด,SCG (ปูนตราช้าง / ตราเสือ),ปูนปอร์ตแลนด์ (งานโครงสร้าง),,ถุง (50 กก.),195,210,,THB,195-210 บาท / ถุง (50 กก.),autonomy,9,2026-04-09 10:27:20
182,211,analyst,Cash Flow Management ผู้รับเหมา,ผสานระบบจัดซื้อ (PO) ให้ตรงกับงวดงาน ห้ามซื้อวัสดุล่วงหน้าเกินความจำเป็นเพื่อลดเงินจม,การคุมรายจ่ายและ PO Flow (Expense Management),ปูนผสมสำเร็จ (Ready-mix),,คิว,1800,2200,,THB,"1,800-2,200 บาท/คิว",autonomy,9,2026-04-09 10:27:20
5,1,interior_design,ราคาวัสดุก่อสร้าง 2026 — ปูนซีเมนต์,ราคาวัสดุก่อสร้าง 2026 — ปูนซีเมนต์,,ปูนผสมสำเร็จ (ready-mix),,ลบ.ม. ส่งถึงหน้างาน,1800,2200,,THB,"1,800-2,200 บาท/ลบ.ม. ส่งถึงหน้างาน",market_research_2026,9,2026-04-09 10:27:20
203,254,researcher,หา Database แบรนด์วัสดุ — SCG COTTO TOA Jotun,หา Database แบรนด์วัสดุ — SCG COTTO TOA Jotun,,ปูนผสมสำเร็จรูป (Ready-mix),,ลบ.ม. (ขึ้นอยู่กับระยะทาง),1800,2200,,THB,"1,800 - 2,200 บาท/ลบ.ม. (ขึ้นอยู่กับระยะทาง)",autonomy,8,2026-04-09 10:27:20
225,269,researcher,"ซัพพลายเออร์ปูนซีเมนต์ — SCG, TPI, INSEE",ผู้ผลิตปูนซีเมนต์และคอนกรีตผสมเสร็จรายใหญ่ที่สุด,SCG (ปูนตราช้าง / ตราเสือ),ปูนผสมเสร็จ (Ready-mix),,ลบ.ม. (รวมจัดส่งหน้างาน),1800,2200,,THB,"1,800-2,200 บาท / ลบ.ม. (รวมจัดส่งหน้างาน)",autonomy,9,2026-04-09 10:27:20
9,1,interior_design,ราคาวัสดุก่อสร้าง 2026 — ปูนซีเมนต์,ราคาวัสดุก่อสร้าง 2026 — ปูนซีเมนต์,,ปูนยาแนว,,ถุง 5 กก.,120,180,,THB,120-180 บาท/ถุง 5 กก.,market_research_2026,9,2026-04-09 10:27:20
122,119,construction_material,ราคาค่าแรงช่างก่อสร้าง 2026 — ทุกประเภท,ราคาค่าแรงช่างก่อสร้าง 2026 — ทุกประเภท,,ปูผนัง,,ตร.ม.,300,500,,THB,300-500 บาท/ตร.ม.,expert_manual,10,2026-04-09 10:27:20
121,119,construction_material,ราคาค่าแรงช่างก่อสร้าง 2026 — ทุกประเภท,ราคาค่าแรงช่างก่อสร้าง 2026 — ทุกประเภท,,ปูพื้น,,ตร.ม.,250,400,,THB,250-400 บาท/ตร.ม.,expert_manual,10,2026-04-09 10:27:20
184,212,planner,การทำ Proposal/Presentation เสนองาน,การทำ Proposal/Presentation เสนองาน,,พื้น SPC ลายไม้ (SCG/ไทวัสดุ),,ตร.ม.,450,650,,THB,450 - 650 บาท/ตร.ม.,autonomy,9,2026-04-09 10:27:20
135,156,researcher,ขั้นตอนสร้างบ้านทั้งหมด — timeline + checklist,"[ ] หล่อเสา, เทพื้นชั้น 1-2, หล่อคาน และบันได",,พื้นสำเร็จรูป (Hollow Core) รวมเททับหน้า,,ตร.ม.,500,750,,THB,500 - 750 บาท/ตร.ม.,autonomy,9,2026-04-09 10:27:20
171,195,analyst,Case Study งาน Interior 3 แบบ,Case Study งาน Interior 3 แบบ,,พื้นไวนิล SPC กันน้ำ,,ตร.ม. (ไทวัสดุ/HomePro),280,550,,THB,280-550 บาท/ตร.ม. (ไทวัสดุ/HomePro),autonomy,9,2026-04-09 10:27:20
159,183,estimator,งานบิ้วอิน — ตู้เสื้อผ้า+ตู้ครัว+TV wall+ชั้นวาง,งานบิ้วอิน — ตู้เสื้อผ้า+ตู้ครัว+TV wall+ชั้นวาง,,พ่นสีไฮกลอส (High-Gloss),,ตร.ม.,1800,2800,,THB,"1,800 - 2,800 บาท/ตร.ม.",autonomy,8,2026-04-09 10:27:20
120,118,construction_material,ราคาสุขภัณฑ์ห้องน้ำ 2026 — แยกเกรด/ยี่ห้อ,ราคาสุขภัณฑ์ห้องน้ำ 2026 — แยกเกรด/ยี่ห้อ,,มาตรฐาน,,,12000,25000,,THB,"12,000-25,000 บาท",expert_manual,10,2026-04-09 10:27:20
162,183,estimator,งานบิ้วอิน — ตู้เสื้อผ้า+ตู้ครัว+TV wall+ชั้นวาง,งานบิ้วอิน — ตู้เสื้อผ้า+ตู้ครัว+TV wall+ชั้นวาง,,มือจับ,,ชิ้น,50,300,,THB,50 - 300 บาท/ชิ้น,autonomy,8,2026-04-09 10:27:20
168,191,estimator,BOQ บิ้วอินตู้เสื้อผ้า walk-in 2x3 ม.,คิดราคาเหมาต่อเมตรยาว (Linear Meter) รวมโครงตู้ แผ่นชั้น และแผ่นหลัง,,รวมระยะ 5 เมตร,,*,50000,70000,,THB,"50,000 - 70,000 บาท*",autonomy,9,2026-04-09 10:27:20
170,191,estimator,BOQ บิ้วอินตู้เสื้อผ้า walk-in 2x3 ม.,คิดราคาเหมาต่อเมตรยาว (Linear Meter) รวมโครงตู้ แผ่นชั้น และแผ่นหลัง,,รวมระยะ 5 เมตร,,*,80000,110000,,THB,"80,000 - 110,000 บาท*",autonomy,9,2026-04-09 10:27:20
89,116,construction_material,สูตรคำนวณปริมาณวัสดุงานกระเบื้อง — ปูนกาว ยาแนว waste,ปูนกาวกระเบื้อง 20 กก./ถุง ปู 4-5 ตร.ม./ถุง (พื้น) หรือ 3-4 ตร.ม./ถุง (ผนัง),,ราคา,,ถุง 20 กก.,180,250,,THB,180-250 บาท/ถุง 20 กก.,expert_manual,10,2026-04-09 10:27:20
91,116,construction_material,สูตรคำนวณปริมาณวัสดุงานกระเบื้อง — ปูนกาว ยาแนว waste,ยาแนวซีเมนต์ 5 กก./ถุง ยาแนว 3-5 ตร.ม./ถุง (แล้วแต่ขนาดร่อง),,ราคา,,ถุง 5 กก.,80,180,,THB,80-180 บาท/ถุง 5 กก.,expert_manual,10,2026-04-09 10:27:20
167,191,estimator,BOQ บิ้วอินตู้เสื้อผ้า walk-in 2x3 ม.,คิดราคาเหมาต่อเมตรยาว (Linear Meter) รวมโครงตู้ แผ่นชั้น และแผ่นหลัง,,ราคา,,เมตร,10000,14000,,THB,"10,000 - 14,000 บาท/เมตร",autonomy,9,2026-04-09 10:27:20
169,191,estimator,BOQ บิ้วอินตู้เสื้อผ้า walk-in 2x3 ม.,คิดราคาเหมาต่อเมตรยาว (Linear Meter) รวมโครงตู้ แผ่นชั้น และแผ่นหลัง,,ราคา,,เมตร,16000,22000,,THB,"16,000 - 22,000 บาท/เมตร",autonomy,9,2026-04-09 10:27:20
219,265,researcher,หาราคาวัสดุกันซึม-กันน้ำ,หาราคาวัสดุกันซึม-กันน้ำ,,ราคา,,ถัง (20 กก.),1500,2200,,THB,"1,500 - 2,200 บาท/ถัง (20 กก.)",autonomy,8,2026-04-09 10:27:20
221,265,researcher,หาราคาวัสดุกันซึม-กันน้ำ,หาราคาวัสดุกันซึม-กันน้ำ,,ราคา,,ถัง (20 กก.),2500,3500,,THB,"2,500 - 3,500 บาท/ถัง (20 กก.)",autonomy,8,2026-04-09 10:27:20
94,117,construction_material,สูตรคำนวณวัสดุโครงสร้าง — ปูนซีเมนต์ เหล็ก คอนกรีต ต่อ ตร.ม.,สูตรคำนวณวัสดุโครงสร้าง — ปูนซีเมนต์ เหล็ก คอนกรีต ต่อ ตร.ม.,,ราคา ready-mix 210 กก./ซม²,,ลบ.ม. (ส่งถึงหน้างาน),2000,2400,,THB,"2,000-2,400 บาท/ลบ.ม. (ส่งถึงหน้างาน)",expert_manual,10,2026-04-09 10:27:20
74,7,interior_design,สไตล์การออกแบบภายใน — Modern Minimalist,ราคาของตกแต่งที่ดูดีต้องลงทุนสูง,,ราคางบประมาณ,,ตร.ม. (รวมค่าออกแบบ),8000,18000,,THB,"8,000-18,000 บาท/ตร.ม. (รวมค่าออกแบบ)",design_guide_2026,8,2026-04-09 10:27:20
75,8,interior_design,สไตล์การออกแบบภายใน — Japanese Wabi-Sabi / Japandi,ต้องการการจัดวางที่พิถีพิถัน,,ราคางบประมาณ,,ตร.ม.,10000,25000,,THB,"10,000-25,000 บาท/ตร.ม.",design_guide_2026,8,2026-04-09 10:27:20
76,9,interior_design,สไตล์การออกแบบภายใน — Industrial และ Loft,ไม่เหมาะกับครอบครัวเด็กเล็ก (มุมคม),,ราคางบประมาณ,,ตร.ม.,7000,15000,,THB,"7,000-15,000 บาท/ตร.ม.",design_guide_2026,7,2026-04-09 10:27:20
77,9,interior_design,สไตล์การออกแบบภายใน — Industrial และ Loft,ไม่เหมาะกับครอบครัวเด็กเล็ก (มุมคม),,ราคางบประมาณ,,ตร.ม.,5000,12000,,THB,"5,000-12,000 บาท/ตร.ม.",design_guide_2026,7,2026-04-09 10:27:20
206,257,researcher,หาราคาปูนซีเมนต์ทุกยี่ห้อ 2026,หาราคาปูนซีเมนต์ทุกยี่ห้อ 2026,,ราคาปลีก,,ถุง (50 กก.),195,210,,THB,195 - 210 บาท/ถุง (50 กก.),autonomy,9,2026-04-09 10:27:20
210,257,researcher,หาราคาปูนซีเมนต์ทุกยี่ห้อ 2026,หาราคาปูนซีเมนต์ทุกยี่ห้อ 2026,,ราคาปลีก,,ถุง (50 กก.),185,190,,THB,185 - 190 บาท/ถุง (50 กก.),autonomy,9,2026-04-09 10:27:20
212,257,researcher,หาราคาปูนซีเมนต์ทุกยี่ห้อ 2026,หาราคาปูนซีเมนต์ทุกยี่ห้อ 2026,,ราคาปลีก,,ถุง (50 กก.),190,205,,THB,190 - 205 บาท/ถุง (50 กก.),autonomy,9,2026-04-09 10:27:20
207,257,researcher,หาราคาปูนซีเมนต์ทุกยี่ห้อ 2026,หาราคาปูนซีเมนต์ทุกยี่ห้อ 2026,,ราคาส่ง/โครงการ,,ถุง,149,160,,THB,149 - 160 บาท/ถุง,autonomy,9,2026-04-09 10:27:20
211,257,researcher,หาราคาปูนซีเมนต์ทุกยี่ห้อ 2026,หาราคาปูนซีเมนต์ทุกยี่ห้อ 2026,,ราคาส่ง/โครงการ,,ถุง (ราคาโดยประมาณ อิงจากฐานราคาปูนก่อฉาบทั่วไป),140,150,,THB,140 - 150 บาท/ถุง (ราคาโดยประมาณ อิงจากฐานราคาปูนก่อฉาบทั่วไป),autonomy,9,2026-04-09 10:27:20
213,257,researcher,หาราคาปูนซีเมนต์ทุกยี่ห้อ 2026,หาราคาปูนซีเมนต์ทุกยี่ห้อ 2026,,ราคาส่ง/โครงการ,,ถุง (ราคาโดยประมาณ),145,155,,THB,145 - 155 บาท/ถุง (ราคาโดยประมาณ),autonomy,9,2026-04-09 10:27:20
161,183,estimator,งานบิ้วอิน — ตู้เสื้อผ้า+ตู้ครัว+TV wall+ชั้นวาง,งานบิ้วอิน — ตู้เสื้อผ้า+ตู้ครัว+TV wall+ชั้นวาง,,รางลิ้นชัก Soft-close,,ชุด,280,450,,THB,280 - 450 บาท/ชุด,autonomy,8,2026-04-09 10:27:20
174,199,researcher,Lighting Design — ประเภทไฟ+ค่าแรง,Lighting Design — ประเภทไฟ+ค่าแรง,,รางอลูมิเนียมพร้อมฝาครอบ (Profile),,เมตร,100,250,,THB,* 100 - 250 บาท/เมตร,autonomy,9,2026-04-09 10:27:20
116,118,construction_material,ราคาสุขภัณฑ์ห้องน้ำ 2026 — แยกเกรด/ยี่ห้อ,ราคาสุขภัณฑ์ห้องน้ำ 2026 — แยกเกรด/ยี่ห้อ,,ราวแขวนผ้า,,,200,800,,THB,200-800 บาท,expert_manual,10,2026-04-09 10:27:20
128,119,construction_material,ราคาค่าแรงช่างก่อสร้าง 2026 — ทุกประเภท,ราคาค่าแรงช่างก่อสร้าง 2026 — ทุกประเภท,,รื้อกระเบื้อง,,ตร.ม.,100,200,,THB,100-200 บาท/ตร.ม.,expert_manual,10,2026-04-09 10:27:20
42,4,interior_design,ราคาวัสดุก่อสร้าง 2026 — สี,ราคาวัสดุก่อสร้าง 2026 — สี,,สีทองคำ/สีพิเศษ,,ลิตร,500,1500,,THB,"500-1,500 บาท/ลิตร",market_research_2026,8,2026-04-09 10:27:20
41,4,interior_design,ราคาวัสดุก่อสร้าง 2026 — สี,ราคาวัสดุก่อสร้าง 2026 — สี,,สีพ่น (automotive),,ลิตร,350,800,,THB,350-800 บาท/ลิตร,market_research_2026,8,2026-04-09 10:27:20
39,4,interior_design,ราคาวัสดุก่อสร้าง 2026 — สี,ราคาวัสดุก่อสร้าง 2026 — สี,,สีรองพื้น (18 ลิตร),,,600,900,,THB,600-900 บาท,market_research_2026,8,2026-04-09 10:27:20
40,4,interior_design,ราคาวัสดุก่อสร้าง 2026 — สี,ราคาวัสดุก่อสร้าง 2026 — สี,,สีสเปรย์ (aerosol 400 มล.),,,120,220,,THB,120-220 บาท,market_research_2026,8,2026-04-09 10:27:20
188,229,analyst,ดึงราคาจาก knowledge — หมวดหลังคา+โครงหลังคา,ดึงราคาจาก knowledge — หมวดหลังคา+โครงหลังคา,,หนา 0.35 มม. (บุฉนวน PU โฟม 1 นิ้ว),,ตร.ม.,280,380,,THB,280 - 380 บาท/ตร.ม.,autonomy,7,2026-04-09 10:27:20
187,229,analyst,ดึงราคาจาก knowledge — หมวดหลังคา+โครงหลังคา,ดึงราคาจาก knowledge — หมวดหลังคา+โครงหลังคา,,หนา 0.35 มม. (ไม่บุฉนวน),,ตร.ม.,120,180,,THB,120 - 180 บาท/ตร.ม.,autonomy,7,2026-04-09 10:27:20
136,158,estimator,ราคาปูนซีเมนต์ 2026,ราคาปูนซีเมนต์ 2026,,หมายเหตุ,,ถุง),,,149,THB,ราคาปลีกหน้าร้าน (หากสั่งซื้อยกล็อตโครงการ ราคาวัสดุเพียวๆ อาจลดลงเหลือประมาณ 149 บาท/ถุง),autonomy,8,2026-04-09 10:27:20
175,199,researcher,Lighting Design — ประเภทไฟ+ค่าแรง,Lighting Design — ประเภทไฟ+ค่าแรง,,หม้อแปลง (Driver/Power Supply),,ตัว (ราคาตามขนาดวัตต์),250,850,,THB,* 250 - 850 บาท/ตัว (ราคาตามขนาดวัตต์),autonomy,9,2026-04-09 10:27:20
216,261,researcher,หาราคาท่อ PVC + อุปกรณ์,หาราคาท่อ PVC + อุปกรณ์,,หาราคาท่อ PVC + อุปกรณ์,ขนาด 1/2 นิ้ว (18 มม.),เมตร (ประมาณ 60 - 80 บาท/ท่อน),15,20,,THB,15 - 20 บาท/เมตร (ประมาณ 60 - 80 บาท/ท่อน),autonomy,8,2026-04-09 10:27:20
217,261,researcher,หาราคาท่อ PVC + อุปกรณ์,หาราคาท่อ PVC + อุปกรณ์,,หาราคาท่อ PVC + อุปกรณ์,ขนาด 3/4 นิ้ว (20 มม.),เมตร (ประมาณ 80 - 100 บาท/ท่อน),20,25,,THB,20 - 25 บาท/เมตร (ประมาณ 80 - 100 บาท/ท่อน),autonomy,8,2026-04-09 10:27:20
218,261,researcher,หาราคาท่อ PVC + อุปกรณ์,หาราคาท่อ PVC + อุปกรณ์,,หาราคาท่อ PVC + อุปกรณ์,ขนาด 1 นิ้ว (25 มม.),เมตร (ประมาณ 120 - 160 บาท/ท่อน),30,40,,THB,30 - 40 บาท/เมตร (ประมาณ 120 - 160 บาท/ท่อน),autonomy,8,2026-04-09 10:27:20
189,231,researcher,หาราคาเพิ่ม — HomePro/ไทวัสดุ วัสดุพื้นฐาน 2026,หาราคาเพิ่ม — HomePro/ไทวัสดุ วัสดุพื้นฐาน 2026,,หาราคาเพิ่ม — HomePro/ไทวัสดุ วัสดุพื้นฐาน 2026,ขนาด 6 มม. (RB6),เมตร,28,32,,THB,28 - 32 บาท/เมตร,autonomy,8,2026-04-09 10:27:20
190,231,researcher,หาราคาเพิ่ม — HomePro/ไทวัสดุ วัสดุพื้นฐาน 2026,หาราคาเพิ่ม — HomePro/ไทวัสดุ วัสดุพื้นฐาน 2026,,หาราคาเพิ่ม — HomePro/ไทวัสดุ วัสดุพื้นฐาน 2026,ขนาด 9 มม. (RB9),เมตร,55,65,,THB,55 - 65 บาท/เมตร,autonomy,8,2026-04-09 10:27:20
191,231,researcher,หาราคาเพิ่ม — HomePro/ไทวัสดุ วัสดุพื้นฐาน 2026,หาราคาเพิ่ม — HomePro/ไทวัสดุ วัสดุพื้นฐาน 2026,,หาราคาเพิ่ม — HomePro/ไทวัสดุ วัสดุพื้นฐาน 2026,ขนาด 12 มม. (DB12),เมตร,95,110,,THB,95 - 110 บาท/เมตร,autonomy,8,2026-04-09 10:27:20
192,231,researcher,หาราคาเพิ่ม — HomePro/ไทวัสดุ วัสดุพื้นฐาน 2026,หาราคาเพิ่ม — HomePro/ไทวัสดุ วัสดุพื้นฐาน 2026,,หาราคาเพิ่ม — HomePro/ไทวัสดุ วัสดุพื้นฐาน 2026,ขนาด 16 มม. (DB16),เมตร,165,185,,THB,165 - 185 บาท/เมตร,autonomy,8,2026-04-09 10:27:20
55,5,interior_design,ราคาวัสดุก่อสร้าง 2026 — ไม้และหิน,ราคาวัสดุก่อสร้าง 2026 — ไม้และหิน,,หินปูถนน/กรวด,,ตร.ม.,150,350,,THB,150-350 บาท/ตร.ม.,market_research_2026,8,2026-04-09 10:27:20
52,5,interior_design,ราคาวัสดุก่อสร้าง 2026 — ไม้และหิน,ราคาวัสดุก่อสร้าง 2026 — ไม้และหิน,,หินอ่อนจริง (ตร.ม.),,,2500,8000,,THB,"2,500-8,000 บาท",market_research_2026,8,2026-04-09 10:27:20
54,5,interior_design,ราคาวัสดุก่อสร้าง 2026 — ไม้และหิน,ราคาวัสดุก่อสร้าง 2026 — ไม้และหิน,,หินเทียม (Engineered Stone),,ตร.ม.,2200,6000,,THB,"2,200-6,000 บาท/ตร.ม.",market_research_2026,8,2026-04-09 10:27:20
53,5,interior_design,ราคาวัสดุก่อสร้าง 2026 — ไม้และหิน,ราคาวัสดุก่อสร้าง 2026 — ไม้และหิน,,หินแกรนิตจริง (ตร.ม.),,,1800,5000,,THB,"1,800-5,000 บาท",market_research_2026,8,2026-04-09 10:27:20
150,174,estimator,งานประตู-หน้าต่าง — อลูมิเนียม/uPVC/ไม้+กระจก+มุ้ง+ค่าแรง,งานประตู-หน้าต่าง — อลูมิเนียม/uPVC/ไม้+กระจก+มุ้ง+ค่าแรง,,อลูมิเนียม (หนา 1.2 มม. สีดำ/ชา),,ตร.ม.,1500,2200,,THB,"1,500 - 2,200 บาท/ตร.ม.",autonomy,8,2026-04-09 10:27:20
64,6,interior_design,ราคาวัสดุก่อสร้าง 2026 — กระจก อิฐ ฉนวน ท่อ PVC,ราคาวัสดุก่อสร้าง 2026 — กระจก อิฐ ฉนวน ท่อ PVC,,อิฐบล็อก (มาตรฐาน),,ก้อน,12,18,,THB,12-18 บาท/ก้อน,market_research_2026,8,2026-04-09 10:27:20
62,6,interior_design,ราคาวัสดุก่อสร้าง 2026 — กระจก อิฐ ฉนวน ท่อ PVC,ราคาวัสดุก่อสร้าง 2026 — กระจก อิฐ ฉนวน ท่อ PVC,,อิฐมวลเบา 10 ซม. (ก้อน),,,22,30,,THB,22-30 บาท,market_research_2026,8,2026-04-09 10:27:20
61,6,interior_design,ราคาวัสดุก่อสร้าง 2026 — กระจก อิฐ ฉนวน ท่อ PVC,ราคาวัสดุก่อสร้าง 2026 — กระจก อิฐ ฉนวน ท่อ PVC,,อิฐมวลเบา SCG 7.5 ซม. (ก้อน),,,18,25,,THB,18-25 บาท,market_research_2026,8,2026-04-09 10:27:20
204,254,researcher,หา Database แบรนด์วัสดุ — SCG COTTO TOA Jotun,หา Database แบรนด์วัสดุ — SCG COTTO TOA Jotun,,อิฐมวลเบา หนา 7.5 ซม.,,ตร.ม. (เฉพาะค่าวัสดุ),128,145,,THB,128 - 145 บาท/ตร.ม. (เฉพาะค่าวัสดุ),autonomy,8,2026-04-09 10:27:20
63,6,interior_design,ราคาวัสดุก่อสร้าง 2026 — กระจก อิฐ ฉนวน ท่อ PVC,ราคาวัสดุก่อสร้าง 2026 — กระจก อิฐ ฉนวน ท่อ PVC,,อิฐแดงมอญ,,ก้อน,4,7,,THB,4-7 บาท/ก้อน,market_research_2026,8,2026-04-09 10:27:20
110,118,construction_material,ราคาสุขภัณฑ์ห้องน้ำ 2026 — แยกเกรด/ยี่ห้อ,ราคาสุขภัณฑ์ห้องน้ำ 2026 — แยกเกรด/ยี่ห้อ,,อ่างวางเคาน์เตอร์,,,1500,5000,,THB,"1,500-5,000 บาท",expert_manual,10,2026-04-09 10:27:20
109,118,construction_material,ราคาสุขภัณฑ์ห้องน้ำ 2026 — แยกเกรด/ยี่ห้อ,ราคาสุขภัณฑ์ห้องน้ำ 2026 — แยกเกรด/ยี่ห้อ,,อ่างแขวนผนัง,,,800,2500,,THB,"800-2,500 บาท",expert_manual,10,2026-04-09 10:27:20
154,182,estimator,งานบันได คสล./เหล็ก — สำหรับบ้าน 2 ชั้น,งานบันได คสล./เหล็ก — สำหรับบ้าน 2 ชั้น,,อ้างอิง,,ลบ.ม.) + เหล็กข้ออ้อย DB12 (95-110 บาท/ม.) + เหล็กปลอก RB9 + ไม้แบบและค้ำยัน,1800,2200,,THB,"* ปูนผสมเสร็จ (1,800-2,200 บาท/ลบ.ม.) + เหล็กข้ออ้อย DB12 (95-110 บาท/ม.) + เหล็กปลอก RB9 + ไม้แบบและค้ำยัน",autonomy,8,2026-04-09 10:27:20
137,159,estimator,ราคากระเบื้องปูพื้น-ผนัง 2026,เหมาะสำหรับปูพื้นห้องทั่วไป รับน้ำหนักได้ดี,,เกรด A,เกรด A,ตร.ม. (รุ่นลวดลายหินอ่อนอาจสูงถึง 900 บาท),350,600,,THB,350 - 600 บาท/ตร.ม. (รุ่นลวดลายหินอ่อนอาจสูงถึง 900 บาท),autonomy,9,2026-04-09 10:27:20
139,159,estimator,ราคากระเบื้องปูพื้น-ผนัง 2026,เหมาะสำหรับปูพื้นห้องทั่วไป รับน้ำหนักได้ดี,,เกรด A,เกรด A,ตร.ม.,180,350,,THB,180 - 350 บาท/ตร.ม.,autonomy,9,2026-04-09 10:27:20
141,159,estimator,ราคากระเบื้องปูพื้น-ผนัง 2026,นิยมใช้ปูผนังห้องน้ำ ห้องครัว หรือพื้นระเบียง,,เกรด A,เกรด A,ตร.ม.,250,420,,THB,250 - 420 บาท/ตร.ม.,autonomy,9,2026-04-09 10:27:20
143,159,estimator,ราคากระเบื้องปูพื้น-ผนัง 2026,นิยมใช้ปูผนังห้องน้ำ ห้องครัว หรือพื้นระเบียง,,เกรด A,เกรด A,ตร.ม.,150,250,,THB,150 - 250 บาท/ตร.ม.,autonomy,9,2026-04-09 10:27:20
138,159,estimator,ราคากระเบื้องปูพื้น-ผนัง 2026,เหมาะสำหรับปูพื้นห้องทั่วไป รับน้ำหนักได้ดี,,เกรด B,เกรด B,ตร.ม.,250,350,,THB,250 - 350 บาท/ตร.ม.,autonomy,9,2026-04-09 10:27:20
140,159,estimator,ราคากระเบื้องปูพื้น-ผนัง 2026,เหมาะสำหรับปูพื้นห้องทั่วไป รับน้ำหนักได้ดี,,เกรด B,เกรด B,ตร.ม.,120,180,,THB,120 - 180 บาท/ตร.ม.,autonomy,9,2026-04-09 10:27:20
142,159,estimator,ราคากระเบื้องปูพื้น-ผนัง 2026,นิยมใช้ปูผนังห้องน้ำ ห้องครัว หรือพื้นระเบียง,,เกรด B,เกรด B,ตร.ม.,180,250,,THB,180 - 250 บาท/ตร.ม.,autonomy,9,2026-04-09 10:27:20
144,159,estimator,ราคากระเบื้องปูพื้น-ผนัง 2026,นิยมใช้ปูผนังห้องน้ำ ห้องครัว หรือพื้นระเบียง,,เกรด B,เกรด B,ตร.ม.,100,150,,THB,100 - 150 บาท/ตร.ม.,autonomy,9,2026-04-09 10:27:20
199,235,researcher,หาราคาเพิ่ม — สี TOA Jotun Beger Nippon 2026,หาราคาเพิ่ม — สี TOA Jotun Beger Nippon 2026,,เกรด Premium,เกรด Premium,ตร.ม.,140,170,,THB,140 - 170 บาท/ตร.ม.,autonomy,8,2026-04-09 10:27:20
201,235,researcher,หาราคาเพิ่ม — สี TOA Jotun Beger Nippon 2026,หาราคาเพิ่ม — สี TOA Jotun Beger Nippon 2026,,เกรด Premium,เกรด Premium,ตร.ม.,160,220,,THB,160 - 220 บาท/ตร.ม.,autonomy,8,2026-04-09 10:27:20
197,235,researcher,หาราคาเพิ่ม — สี TOA Jotun Beger Nippon 2026,หาราคาเพิ่ม — สี TOA Jotun Beger Nippon 2026,,"เกรด Premium (เช่น TOA SuperShield, Jotun Ultra Primer)","เกรด Premium (เช่น TOA SuperShield, Jotun Ultra Primer)",ถัง,1800,2500,,THB,"1,800 - 2,500 บาท/ถัง",autonomy,8,2026-04-09 10:27:20
198,235,researcher,หาราคาเพิ่ม — สี TOA Jotun Beger Nippon 2026,หาราคาเพิ่ม — สี TOA Jotun Beger Nippon 2026,,เกรด Standard,เกรด Standard,ตร.ม.,110,130,,THB,110 - 130 บาท/ตร.ม.,autonomy,8,2026-04-09 10:27:20
200,235,researcher,หาราคาเพิ่ม — สี TOA Jotun Beger Nippon 2026,หาราคาเพิ่ม — สี TOA Jotun Beger Nippon 2026,,เกรด Standard,เกรด Standard,ตร.ม.,120,140,,THB,120 - 140 บาท/ตร.ม.,autonomy,8,2026-04-09 10:27:20
196,235,researcher,หาราคาเพิ่ม — สี TOA Jotun Beger Nippon 2026,หาราคาเพิ่ม — สี TOA Jotun Beger Nippon 2026,,"เกรด Standard (เช่น TOA 4 Seasons, Beger Cool)","เกรด Standard (เช่น TOA 4 Seasons, Beger Cool)",ถัง,1100,1500,,THB,"1,100 - 1,500 บาท/ถัง",autonomy,8,2026-04-09 10:27:20
173,199,researcher,Lighting Design — ประเภทไฟ+ค่าแรง,Lighting Design — ประเภทไฟ+ค่าแรง,,เกรดพรีเมียม (COB ไร้เม็ดไฟ แสงเนียน),เกรดพรีเมียม (COB ไร้เม็ดไฟ แสงเนียน),ม้วน (5 เมตร),500,1200,,THB,"* 500 - 1,200 บาท/ม้วน (5 เมตร)",autonomy,9,2026-04-09 10:27:20
172,199,researcher,Lighting Design — ประเภทไฟ+ค่าแรง,Lighting Design — ประเภทไฟ+ค่าแรง,,เกรดมาตรฐาน (SMD),เกรดมาตรฐาน (SMD),ม้วน (ความยาว 5 เมตร),150,350,,THB,* 150 - 350 บาท/ม้วน (ความยาว 5 เมตร),autonomy,9,2026-04-09 10:27:20
152,177,estimator,งานครัว — เคาน์เตอร์+ซิงค์+ท่อแก๊ส+ดูดควัน+ค่าแรง,งานครัว — เคาน์เตอร์+ซิงค์+ท่อแก๊ส+ดูดควัน+ค่าแรง,,"เกรดสูง, อุปกรณ์ท็อป)","เกรดสูง, อุปกรณ์ท็อป)",ขึ้นไป,,,100000,THB,"** 100,000 บาทขึ้นไป",autonomy,6,2026-04-09 10:27:20
111,118,construction_material,ราคาสุขภัณฑ์ห้องน้ำ 2026 — แยกเกรด/ยี่ห้อ,ราคาสุขภัณฑ์ห้องน้ำ 2026 — แยกเกรด/ยี่ห้อ,,เคาน์เตอร์พร้อมตู้,,,3500,15000,,THB,"3,500-15,000 บาท",expert_manual,10,2026-04-09 10:27:20
123,119,construction_material,ราคาค่าแรงช่างก่อสร้าง 2026 — ทุกประเภท,ราคาค่าแรงช่างก่อสร้าง 2026 — ทุกประเภท,,เดินท่อน้ำดี PVC,,จุด,150,250,,THB,150-250 บาท/จุด,expert_manual,10,2026-04-09 10:27:20
124,119,construction_material,ราคาค่าแรงช่างก่อสร้าง 2026 — ทุกประเภท,ราคาค่าแรงช่างก่อสร้าง 2026 — ทุกประเภท,,เดินท่อน้ำทิ้ง,,จุด,200,350,,THB,200-350 บาท/จุด,expert_manual,10,2026-04-09 10:27:20
125,119,construction_material,ราคาค่าแรงช่างก่อสร้าง 2026 — ทุกประเภท,ราคาค่าแรงช่างก่อสร้าง 2026 — ทุกประเภท,,เดินสายไฟ,,จุด,150,300,,THB,150-300 บาท/จุด,expert_manual,10,2026-04-09 10:27:20
31,3,interior_design,ราคาวัสดุก่อสร้าง 2026 — กระเบื้อง,ราคาวัสดุก่อสร้าง 2026 — กระเบื้อง,,เมทัลชีท (Metal Sheet),,ตร.ม.,180,350,,THB,180-350 บาท/ตร.ม.,market_research_2026,9,2026-04-09 10:27:20
51,5,interior_design,ราคาวัสดุก่อสร้าง 2026 — ไม้และหิน,ราคาวัสดุก่อสร้าง 2026 — ไม้และหิน,,เมลามีน (ผิวลามิเนต),,แผ่น,150,300,,THB,เพิ่มอีก 150-300 บาท/แผ่น,market_research_2026,8,2026-04-09 10:27:20
102,117,construction_material,สูตรคำนวณวัสดุโครงสร้าง — ปูนซีเมนต์ เหล็ก คอนกรีต ต่อ ตร.ม.,สูตรคำนวณวัสดุโครงสร้าง — ปูนซีเมนต์ เหล็ก คอนกรีต ต่อ ตร.ม.,,เสาเข็มตอก,,ต้น,2500,5000,,THB,"ดินอ่อนมาก → 2,500-5,000 บาท/ต้น",expert_manual,10,2026-04-09 10:27:20
101,117,construction_material,สูตรคำนวณวัสดุโครงสร้าง — ปูนซีเมนต์ เหล็ก คอนกรีต ต่อ ตร.ม.,สูตรคำนวณวัสดุโครงสร้าง — ปูนซีเมนต์ เหล็ก คอนกรีต ต่อ ตร.ม.,,เสาเข็มสั้น,,ต้น (ยาว 6 ม.),1200,2500,,THB,"ดินอ่อน → 1,200-2,500 บาท/ต้น (ยาว 6 ม.)",expert_manual,10,2026-04-09 10:27:20
18,2,interior_design,ราคาวัสดุก่อสร้าง 2026 — เหล็ก,ราคาวัสดุก่อสร้าง 2026 — เหล็ก,,เหล็ก C-Channel 75x45,,เมตร,380,420,,THB,380-420 บาท/เมตร,market_research_2026,9,2026-04-09 10:27:20
19,2,interior_design,ราคาวัสดุก่อสร้าง 2026 — เหล็ก,ราคาวัสดุก่อสร้าง 2026 — เหล็ก,,เหล็กกล่อง 50x50x2 มม.,,เมตร,280,320,,THB,280-320 บาท/เมตร,market_research_2026,9,2026-04-09 10:27:20
13,2,interior_design,ราคาวัสดุก่อสร้าง 2026 — เหล็ก,ราคาวัสดุก่อสร้าง 2026 — เหล็ก,,เหล็กข้ออ้อย (Deformed Bar) DB10,,เมตร,65,75,,THB,65-75 บาท/เมตร,market_research_2026,9,2026-04-09 10:27:20
14,2,interior_design,ราคาวัสดุก่อสร้าง 2026 — เหล็ก,ราคาวัสดุก่อสร้าง 2026 — เหล็ก,,เหล็กข้ออ้อย DB12,,เมตร,95,110,,THB,95-110 บาท/เมตร,market_research_2026,9,2026-04-09 10:27:20
183,211,analyst,Cash Flow Management ผู้รับเหมา,ผสานระบบจัดซื้อ (PO) ให้ตรงกับงวดงาน ห้ามซื้อวัสดุล่วงหน้าเกินความจำเป็นเพื่อลดเงินจม,การคุมรายจ่ายและ PO Flow (Expense Management),เหล็กข้ออ้อย DB12,,เมตร,95,110,,THB,95-110 บาท/เมตร,autonomy,9,2026-04-09 10:27:20
15,2,interior_design,ราคาวัสดุก่อสร้าง 2026 — เหล็ก,ราคาวัสดุก่อสร้าง 2026 — เหล็ก,,เหล็กข้ออ้อย DB16,,เมตร,165,185,,THB,165-185 บาท/เมตร,market_research_2026,9,2026-04-09 10:27:20
16,2,interior_design,ราคาวัสดุก่อสร้าง 2026 — เหล็ก,ราคาวัสดุก่อสร้าง 2026 — เหล็ก,,เหล็กข้ออ้อย DB20,,เมตร,255,285,,THB,255-285 บาท/เมตร,market_research_2026,9,2026-04-09 10:27:20
96,117,construction_material,สูตรคำนวณวัสดุโครงสร้าง — ปูนซีเมนต์ เหล็ก คอนกรีต ต่อ ตร.ม.,สูตรคำนวณวัสดุโครงสร้าง — ปูนซีเมนต์ เหล็ก คอนกรีต ต่อ ตร.ม.,,เหล็กข้ออ้อย SD40 DB12,,เส้น (10 มม. ยาว 10 ม.),220,260,,THB,220-260 บาท/เส้น (10 มม. ยาว 10 ม.),expert_manual,10,2026-04-09 10:27:20
97,117,construction_material,สูตรคำนวณวัสดุโครงสร้าง — ปูนซีเมนต์ เหล็ก คอนกรีต ต่อ ตร.ม.,สูตรคำนวณวัสดุโครงสร้าง — ปูนซีเมนต์ เหล็ก คอนกรีต ต่อ ตร.ม.,,เหล็กข้ออ้อย SD40 DB16,,เส้น,350,420,,THB,350-420 บาท/เส้น,expert_manual,10,2026-04-09 10:27:20
98,117,construction_material,สูตรคำนวณวัสดุโครงสร้าง — ปูนซีเมนต์ เหล็ก คอนกรีต ต่อ ตร.ม.,สูตรคำนวณวัสดุโครงสร้าง — ปูนซีเมนต์ เหล็ก คอนกรีต ต่อ ตร.ม.,,เหล็กปลอก RB6,,เส้น,55,70,,THB,55-70 บาท/เส้น,expert_manual,10,2026-04-09 10:27:20
105,117,construction_material,สูตรคำนวณวัสดุโครงสร้าง — ปูนซีเมนต์ เหล็ก คอนกรีต ต่อ ตร.ม.,สูตรคำนวณวัสดุโครงสร้าง — ปูนซีเมนต์ เหล็ก คอนกรีต ต่อ ตร.ม.,,เหล็กเสริม,,,,,120000,THB,"4.8 ตัน × 25,000 = 120,000 บาท",expert_manual,10,2026-04-09 10:27:20
10,2,interior_design,ราคาวัสดุก่อสร้าง 2026 — เหล็ก,ราคาวัสดุก่อสร้าง 2026 — เหล็ก,,เหล็กเส้นกลม (Round Bar) 6 มม.,,เมตร,28,32,,THB,28-32 บาท/เมตร,market_research_2026,9,2026-04-09 10:27:20
214,258,researcher,หาราคาเหล็กเส้นก่อสร้าง 2026,เหล็กและปริมาณ),,เหล็กเส้นกลม (Round Bar) 6 มม.,,เมตร,28,32,,THB,28-32 บาท/เมตร,autonomy,7,2026-04-09 10:27:20
12,2,interior_design,ราคาวัสดุก่อสร้าง 2026 — เหล็ก,ราคาวัสดุก่อสร้าง 2026 — เหล็ก,,เหล็กเส้นกลม 12 มม.,,เมตร,90,105,,THB,90-105 บาท/เมตร,market_research_2026,9,2026-04-09 10:27:20
11,2,interior_design,ราคาวัสดุก่อสร้าง 2026 — เหล็ก,ราคาวัสดุก่อสร้าง 2026 — เหล็ก,,เหล็กเส้นกลม 9 มม.,,เมตร,55,65,,THB,55-65 บาท/เมตร,market_research_2026,9,2026-04-09 10:27:20
215,258,researcher,หาราคาเหล็กเส้นก่อสร้าง 2026,เหล็กและปริมาณ),,เหล็กเส้นกลม 9 มม.,,"เมตร...""",55,65,,THB,"55-65 บาท/เมตร...""",autonomy,7,2026-04-09 10:27:20
226,270,researcher,"ซัพพลายเออร์เหล็ก — SSI, Tata, SYS","ซัพพลายเออร์เหล็ก — SSI, Tata, SYS",,เหล็กเส้นกลม 9 มม.,,เมตร,55,65,,THB,55 - 65 บาท/เมตร,autonomy,8,2026-04-09 10:27:20
17,2,interior_design,ราคาวัสดุก่อสร้าง 2026 — เหล็ก,ราคาวัสดุก่อสร้าง 2026 — เหล็ก,,เหล็กแผ่น 4 มม. (1.2x2.4 ม.),,แผ่น,1200,1400,,THB,"1,200-1,400 บาท/แผ่น",market_research_2026,9,2026-04-09 10:27:20
176,205,writer,เทคนิคเขียนใบเสนอราคาให้ปิดงาน,การระบุแบรนด์ช่วยลบข้อกังขาเรื่องการลดสเปก และการแยกค่าแรงช่วยให้ลูกค้ารู้สึกถึงความยุติธรรม,,แบบเดิม,,ตร.ม.,,,488,THB,งานก่อผนังอิฐมวลเบา = 488 บาท/ตร.ม.,autonomy,9,2026-04-09 10:27:20
177,205,writer,เทคนิคเขียนใบเสนอราคาให้ปิดงาน,งานระบบเป็นสิ่งที่ลูกค้ามองไม่เห็น ต้องเขียนให้เห็นถึงความปลอดภัยและความทนทาน,,แบบเดิม,,ชุด,,,6050,THB,"งานติดตั้งสุขภัณฑ์ = 6,050 บาท/ชุด",autonomy,9,2026-04-09 10:27:20
45,5,interior_design,ราคาวัสดุก่อสร้าง 2026 — ไม้และหิน,ราคาวัสดุก่อสร้าง 2026 — ไม้และหิน,,ไม้ยางพารา (ตร.ม.),,(แผ่นพื้น),800,1200,,THB,"800-1,200 บาท (แผ่นพื้น)",market_research_2026,8,2026-04-09 10:27:20
43,5,interior_design,ราคาวัสดุก่อสร้าง 2026 — ไม้และหิน,ราคาวัสดุก่อสร้าง 2026 — ไม้และหิน,,ไม้สัก 2x4 นิ้ว (เมตร),,,180,280,,THB,180-280 บาท,market_research_2026,8,2026-04-09 10:27:20
44,5,interior_design,ราคาวัสดุก่อสร้าง 2026 — ไม้และหิน,ราคาวัสดุก่อสร้าง 2026 — ไม้และหิน,,ไม้สัก 4x4 นิ้ว (เมตร),,,350,500,,THB,350-500 บาท,market_research_2026,8,2026-04-09 10:27:20
47,5,interior_design,ราคาวัสดุก่อสร้าง 2026 — ไม้และหิน,ราคาวัสดุก่อสร้าง 2026 — ไม้และหิน,,ไม้อัด 18 มม. (1.22x2.44 ม.),,แผ่น,550,750,,THB,550-750 บาท/แผ่น,market_research_2026,8,2026-04-09 10:27:20
157,183,estimator,งานบิ้วอิน — ตู้เสื้อผ้า+ตู้ครัว+TV wall+ชั้นวาง,งานบิ้วอิน — ตู้เสื้อผ้า+ตู้ครัว+TV wall+ชั้นวาง,,ไม้เคลือบเมลามีน (พร้อมใช้งาน),,แผ่น,750,1100,,THB,"750 - 1,100 บาท/แผ่น",autonomy,8,2026-04-09 10:27:20
106,117,construction_material,สูตรคำนวณวัสดุโครงสร้าง — ปูนซีเมนต์ เหล็ก คอนกรีต ต่อ ตร.ม.,สูตรคำนวณวัสดุโครงสร้าง — ปูนซีเมนต์ เหล็ก คอนกรีต ต่อ ตร.ม.,,ไม้แบบ/ค่าเข้าแบบ,,,,,40000,THB,"~40,000 บาท",expert_manual,10,2026-04-09 10:27:20
46,5,interior_design,ราคาวัสดุก่อสร้าง 2026 — ไม้และหิน,ราคาวัสดุก่อสร้าง 2026 — ไม้และหิน,,ไม้โอ๊ค (พื้น ตร.ม.),,,1500,3500,,THB,"1,500-3,500 บาท",market_research_2026,8,2026-04-09 10:27:20